lang	slug	title	description	words	canonical_alt_en
RU	1sn3nscy81-moshennichestvo-klientov-pri-pokupke-v-i	Мошенничество клиентов при покупке в интернете: как бизнесу защитить себя	В Украине, как и во многих странах мира, есть закон “О защите прав потребителей”, но#nbsp; закона о защите интересов предпринимателей не существует. Законодатель заботится о клиентах больше, чем о бизнесе.	1275	https://www.fulfillmentmtp.com.ua/en/blog/post/protect-store-from-fraud/
RU	25m6cs3xd1-svoi-sklad-vs-fulfilment-chto-vibrat-vla	Свой склад VS фулфилмент: что выбрать владельцам интернет-магазинов в Украине	Из этой статьи вы узнаете о преимуществах и недостатках каждого пути и сможете выбрать лучший вариант для бизнеса.#nbsp;	881	https://www.fulfillmentmtp.com.ua/en/blog/post/fulfillment-vs-own-warehouse/
RU	2b5uuyxzx1-chto-nuzhno-znat-o-povedenii-pokupatelei	Что нужно знать о поведении покупателей в интернете, чтобы увеличить продажи в 2022 году	Мы проанализировали исследования на рынке электронной коммерции и делимся с вами выжимкой ключевой информации. Используйте ее в своих бизнес-процессах и увеличивайте прибыль в 2022 году.	930	https://www.fulfillmentmtp.com.ua/en/blog/post/online-buyer-behavior-insights/
RU	2k76ljgp91-kak-vibrat-fulfilment-operatora-v-ukrain	Как выбрать фулфилмент-оператора в Украине: чек-лист для проверки сервиса	На сайте MTP Group Fulfillment вы можете воспользоваться калькулятором услуг и сразу же понять, сколько будет стоить фулфилмент в зависимости от количества отправок, габарита товара и других переменных.	941	https://www.fulfillmentmtp.com.ua/en/blog/post/how-to-choose-fulfillment-operator/
RU	2l10ulx751-kak-ukrainskim-predprinimatelyam-viiti-n	Как украинским предпринимателям выйти на европейские маркетплейсы во время войны: инструкция для e-commerce	Задача бизнеса в это непростое время – продолжать работу. Но стоит ли товарному бизнесу осваивать новые рынки и выходить на иностранные маркетплейсы?	694	https://www.fulfillmentmtp.com.ua/en/blog/post/expand-to-european-marketplaces/
RU	33bmy57t51-kakoi-biznes-otkrit-v-ukraine-vozmozhnos	Какой бизнес открыть в Украине: возможности для начинающего предпринимателя	Открытие собственного бизнеса — это захватывающий шаг, который может принести не только финансовую независимость, но и удовлетворение от воплощения собственных идей.	418	https://www.fulfillmentmtp.com.ua/en/blog/post/best-business-ideas-ukraine/
RU	60er8zh601-rro-i-prro-dlya-biznesa-osobennosti-i-tr	РРО и пРРО для бизнеса: особенности и требования	В современном мире развитие технологий и внедрение электронных систем позволяют автоматизировать многие бизнес-процессы. Одним из таких процессов является учет расчетных операций, осуществляемых физическими лицами - предпринимателями в Украине. 	532	https://www.fulfillmentmtp.com.ua/en/blog/post/fiscal-register-prro-business/
RU	6bcn9jn3b1-dohod-est-a-pribili-net-gde-teryaet-deng	Доход есть, а прибыли нет: где теряет деньги интернет-магазин	Почему же у бизнеса вроде есть доход, но нет прибыли? А главное – что#nbsp;с этим делать? Разберемся с этим в нашей статье.	758	https://www.fulfillmentmtp.com.ua/en/blog/post/where-online-store-loses-money/
RU	8emi42xu61-tovarnii-biznes-v-ukraine-osobennosti-i	Товарный бизнес в Украине: особенности и преимущества	Товарный бизнес является одной из важных отраслей экономики Украины, обеспечивая процесс обмена и удовлетворение потребностей населения в различных товарах и услугах. 	461	https://www.fulfillmentmtp.com.ua/en/blog/post/product-business-ukraine-guide/
RU	a5zlsrmfs1-chem-zamenit-rossiiskie-servisi-chek-lis	Чем заменить российские сервисы: чек-лист для интернет-магазинов	Когда после первого шока войны предприниматели стали возобновлять работу, возник вопрос: чем заменить российские сервисы? 	496	https://www.fulfillmentmtp.com.ua/en/blog/post/replace-russian-services-ukraine-checklist/
RU	ak35ism111-fulfilment-dlya-internet-magazina-odezhd	Фулфилмент для интернет-магазина одежды и обуви: преимущества сервиса для товарного бизнеса	В подавляющем большинстве случаев фулфилмент – лучшее решение для товарного бизнеса. Особенно, если речь идет о продаже одежды и обуви.	830	https://www.fulfillmentmtp.com.ua/en/blog/post/fulfillment-for-clothing-shoes/
RU	do95mhtv41-naibolee-chastie-oshibki-v-logistike-vo	Ошибки логистики в сезон распродаж: топ-5	Предотвратите типовые ошибки в логистике во время распродаж, чтобы повысить эффективность.	271	https://www.fulfillmentmtp.com.ua/en/blog/post/peak-season-logistics-mistakes/
RU	e3uzpiaja1-5-glavnih-oshibok-pri-otkritii-internet	5 главных ошибок при открытии интернет-магазина в Украине	Как правило, несостоявшиеся ритейлеры совершают одни и те же ошибки, которые приводят их к неудаче. Что это за ошибки и как их избежать – рассказываем в этой статье.	976	https://www.fulfillmentmtp.com.ua/en/blog/post/5-mistakes-starting-online-store/
RU	fxaeldo931-pochemu-iyul-luchshee-vremya-proverit-v	Почему июль — лучшее время проверить ваш фулфилмент | MTP Group	Июль — идеальный месяц, чтобы оценить надёжность фулфилмент-партнёра. Как использовать сезонное затишье для оптимизации логистики.	193	https://www.fulfillmentmtp.com.ua/en/blog/post/why-audit-warehouse-in-summer/
RU	h4mk9ml261-biznes-v-ukraine-vo-vremya-voini-vizovi	Бизнес в Украине во время войны: вызовы и возможности	Украина оказалась перед тяжелым испытанием в виде полномасштабной военной агрессии со стороны Российской Федерации. В таких сложных временах бизнесу приходится сталкиваться с множеством вызовов и трудностей. 	438	https://www.fulfillmentmtp.com.ua/en/blog/post/business-in-ukraine-during-war/
RU	iavfdk7371-10-rabochih-sposobov-uvelichit-pribil-in	10 рабочих способов увеличить прибыль интернет-магазина в Украине	Показатели вашей интернет-торговли выросли на 41%? Если нет – советуем изучить эту статью и внедрить инструменты, которые помогут увеличить доходы и сократить расходы интернет-магазина.	916	https://www.fulfillmentmtp.com.ua/en/blog/post/10-ways-increase-profit-ecommerce/
RU	im5rupthp1-kak-podgotovit-internet-magazin-k-novogo	Как подготовить интернет-магазин к новогодним праздникам: 5 шагов для товарного бизнеса	Как подготовить интернет-магазин к этому периоду, чтобы собрать сливки с онлайн-продаж?#nbsp;Сколько подарков планируют приобрести ваши клиенты? Сколько денег готовы потратить?	883	https://www.fulfillmentmtp.com.ua/en/blog/post/prepare-store-for-holidays/
RU	jveoso2gb1-fulfilment-chto-eto-skolko-stoit-i-drugi	Фулфилмент в Украине, как часть важных бизнес-процессов для интернет-магазинов.	Коллеги советуют: пора переходить на фулфилмент, это лучшее решение для товарного бизнеса! В этой статье мы постараемся развеять ваши страхи и ответить на волнующие вопросы.	981	https://www.fulfillmentmtp.com.ua/en/blog/post/fulfillment-cost-guide/
RU	ka4rkudet1-kak-podgotovit-internet-magazin-k-8-mart	Как подготовить интернет-магазин к 8 марта при помощи фулфилмент-сервиса	В этой статье мы поделимся статистикой и личными наблюдениями о том, как увеличить продажи на 8 марта.	886	https://www.fulfillmentmtp.com.ua/en/blog/post/prepare-online-store-march-8/
RU	kahfgm2161-7-trendov-internet-torgovli-v-2022-godu	7 трендов интернет-торговли в 2022 году: что нужно знать, чтобы вести успешный бизнес	События последних двух лет ярко показывают, как важно бизнесу уметь адаптироваться к новым условиям и быстро реагировать на изменения в мире. 	924	https://www.fulfillmentmtp.com.ua/en/blog/post/ecommerce-trends-2022/
RU	keantd63p1-kak-rabotaet-fulfilment-v-ukraine-2025-o	Как работает фулфилмент в Украине — 2025 | MTP Group	Полный разбор фулфилмента в Украине в 2025 году. MTP Group делится опытом, автоматизацией и кейсами клиентов. Как сэкономить и масштабировать логистику.	297	https://www.fulfillmentmtp.com.ua/en/blog/post/how-fulfillment-works-ukraine-2025/
RU	l7otgimlh1-kak-internet-magazinu-podgotovitsya-k-dn	Как интернет-магазину подготовиться к Дню Святого Валентина: 10 советов для увеличения продаж	14 февраля – первый серьезный пик продаж после затяжной тишины в январе.#nbsp;Как же подготовить интернет-магазин к Дню Святого Валентина и увеличить продажи в несколько раз?	962	https://www.fulfillmentmtp.com.ua/en/blog/post/prepare-store-valentines-day/
RU	m2l0va78z1-chto-takoe-fulfilment-dlya-internet-maga	Что такое фулфилмент для интернет- магазинов: 7 основных услуг оператора	У вас есть интернет-магазин, который приносит хороший доход, но забирает много времени. Узнайте, что фулфилмент – прозрачный и понятный процесс, с которым вы экономите время и деньги.	897	https://www.fulfillmentmtp.com.ua/en/blog/post/what-is-fulfillment-7-services/
RU	mjrp3rx3z1-kak-internet-magazinu-rabotat-s-otzivami	Как интернет-магазину работать с отзывами: пошаговый алгоритм	В этой статье мы расскажем о том, зачем интернет-магазину нужны отзывы, как мотивировать клиентов оставлять их и что делать с негативными комментариями в ваш адрес.	1043	https://www.fulfillmentmtp.com.ua/en/blog/post/how-to-handle-customer-reviews/
RU	n2a9117991-rro-dlya-internet-magazina-kak-vesti-biz	РРО для интернет-магазина: как вести бизнес законно с 1 января 2022 года	Все знают, что с 2022 года физические лица-предприниматели (ФЛП) должны фиксировать расчетные операции через РРО. Мы провели консультации чтобы ответить#nbsp; на все острые вопросы об РРО.	1355	https://www.fulfillmentmtp.com.ua/en/blog/post/fiscal-register-requirements-ukraine/
RU	o5x60a9nk1-kak-sokratit-kolichestvo-vozvratov-tovar	Как сократить количество возвратов товара в интернет-магазин: 8 действенных советов	Как сократить до минимума количество возвратов в интернет-магазин? Чтобы бороться с явлением, нужно разобраться в его причинах.	1107	https://www.fulfillmentmtp.com.ua/en/blog/post/reduce-product-returns-ecommerce/
RU	okobnaenu1-kak-otkrit-internet-magazin-vo-vremya-vo	Как открыть интернет-магазин во время войны	Из этой статьи вы узнаете актуальную информацию о перспективах открытия интернет-магазина в Украине во время войны и сможете принять взвешенное решение.	1176	https://www.fulfillmentmtp.com.ua/en/blog/post/online-store-during-wartime/
RU	pdjm77ogc1-chto-takoe-sla-v-logistike-i-pochemu-eto	SLA в логистике: Гарантия качества и доверия для вашего бизнеса	Узнайте, как SLA (соглашение об уровне обслуживания) в логистике и e-commerce помогает выстраивать доверие клиентов. Оптимизируйте доставку и фулфилмент с помощью SLA.	689	https://www.fulfillmentmtp.com.ua/en/blog/post/what-is-sla-in-logistics/
RU	pp8gsej3c1-fulfilment-protiv-sobstvennogo-sklada-v	Фулфилмент или свой склад 2025: выбор для e-commerce, логистика, хранение	Сравнение услуг фулфилмент-операторов и собственного складского комплекса для интернет-торговли в 2025. Анализ выгод, затрат и оптимизации логистики.	644	https://www.fulfillmentmtp.com.ua/en/blog/post/fulfillment-vs-own-warehouse-2025/
RU	tl4cc8e601-kak-internet-magazinu-rabotat-v-usloviya	Как интернет-магазину работать в условиях войны: о логистике, маркетинге и налогах в военное время	Этично ли продолжать заниматься бизнесом во время войны? Мы поделимся основными фактами, как бизнесу работать в условиях военного положения.	685	https://www.fulfillmentmtp.com.ua/en/blog/post/ecommerce-logistics-during-war/
RU	xh1rdimut1-5-glavnih-oshibok-v-logistike-internet-m	5 ошибок в логистике интернет-магазина: склад, доставка, управление заказами	Избегайте 5 главных ошибок в логистике интернет-магазина. Оптимизация склада, ускорение доставки, эффективное управление заказами для повышения продаж и лояльности клиентов.	661	https://www.fulfillmentmtp.com.ua/en/blog/post/top-5-logistics-mistakes-ecommerce/
RU	yzhv774pa1-kak-otkrit-internet-magazin-v-ukraine-os	Как открыть интернет-магазин в Украине: основные нюансы и возможности успеха	В современном мире интернет-магазины стали неотъемлемой частью розничной торговли. Интернет предоставляет огромные возможности для развития бизнеса и привлечения новых клиентов.	390	https://www.fulfillmentmtp.com.ua/en/blog/post/how-to-start-online-store-ukraine/
UA	13ny6p72v1-yak-pdgotuvati-nternet-magazin-do-8-bere	Як підготувати інтернет-магазин до 8 березня за допомогою фулфілмент-сервісу	У цій статті ми поділимося статистикою та особистими спостереженнями щодо того, як збільшити продажі на 8 березня.	866	https://www.fulfillmentmtp.com.ua/en/blog/post/prepare-online-store-march-8/
UA	1uxlzxirt1-5-golovnih-pomilok-pd-chas-vdkrittya-nte	5 головних помилок під час відкриття інтернет-магазину в Україні	Як правило, ритейлери, що не відбулися, припускаються одних і тих самих помилок, які призводять їх до невдачі. Що це за помилки і як їх уникнути - розповідаємо в цій статті.	1122	https://www.fulfillmentmtp.com.ua/en/blog/post/5-mistakes-starting-online-store/
UA	1z05mldbb1-yak-nternet-magazinu-pratsyuvati-z-vdguk	Як інтернет-магазину працювати з відгуками: покроковий алгоритм	У цій статті ми розповімо про те, навіщо інтернет-магазину потрібні відгуки, як мотивувати клієнтів залишати їх і що робити з негативними коментарями на вашу адресу.	1029	https://www.fulfillmentmtp.com.ua/en/blog/post/how-to-handle-customer-reviews/
UA	1zah21gka1-chim-zamniti-rosisk-servsi-chek-list-dly	Чим замінити російські сервіси: чек-лист для інтернет-магазинів	Список українських сервісів, якими можна замінити російські	488	https://www.fulfillmentmtp.com.ua/en/blog/post/replace-russian-services-ukraine-checklist/
UA	27jibr7e81-bznes-v-ukran-pd-chas-vini-vikliki-ta-mo	Бізнес в Україні під час війни: виклики та можливості	Україна опинилася перед важким випробуванням у вигляді повномасштабної військової агресії з боку Російської Федерації. У такі складні часи бізнесу доводиться стикатися з багатьма викликами та труднощами. 	433	https://www.fulfillmentmtp.com.ua/en/blog/post/business-in-ukraine-during-war/
UA	2fz7njsgn1-scho-take-artikul-yak-pravilno-iogo-stvo	Артикул — що це, як створити та навіщо потрібен | MTP	Артикул — це унікальний код товару для обліку, інвентаризації та замовлень. Правила створення артикулів + 2 приклади. Як уникнути плутанини на складі.	256	https://www.fulfillmentmtp.com.ua/en/blog/post/what-is-sku-article-number/
UA	2lpu5l5sa1-mtp-group-dinii-v-ukran-servs-z-shvidko	MTP GROUP – ЄДИНИЙ В УКРАЇНІ СЕРВІС ЗІ ШВИДКОЇ РЕАЛІЗАЦІЇ ТОВАРНИХ ЗАЛИШКІВ	У нас є три схеми роботи.#nbsp;Перша – це викуп. Тобто у людини є якийсь товар, і вона продає його нам за свою ціну, а ми, своєю чергою, реалізуємо його, як вважаємо за необхідне.	1168	https://www.fulfillmentmtp.com.ua/en/blog/post/mtp-group-fast-product-liquidation/
UA	3tdig7x6z1-rro-dlya-nternet-magazinu-yak-vesti-bzne	РРО для інтернет-магазину: як вести бізнес законно з 1 січня 2022 року	З 2022 року фізичні особи-підприємці (ФОП) мають фіксувати розрахункові операції через РРО. Ми провели консультації щоб докладно відповісти на всі гострі питання про РРО.	1335	https://www.fulfillmentmtp.com.ua/en/blog/post/fiscal-register-requirements-ukraine/
UA	53yjx8x051-yak-nternet-magazinu-zahistitisya-vd-sha	Як інтернет-магазину захиститися від шахрайства з боку покупця	У цій статті ми розповімо про найпопулярніші &quot;схеми&quot; при покупці товарів в інтернет-магазинах і поділимося методами захисту від зловживань.	1291	https://www.fulfillmentmtp.com.ua/en/blog/post/protect-store-from-fraud/
UA	5kfyptimc1-10-robochih-sposobv-zblshiti-pributok-nt	10 робочих способів збільшити прибуток інтернет-магазину в Україні	Принцип beyond expectations – один із найефективніших методів як зробити клієнта постійним. Він передбачає, що ви даєте клієнту більше, ніж він очікував.	887	https://www.fulfillmentmtp.com.ua/en/blog/post/10-ways-increase-profit-ecommerce/
UA	5vlhyoip61-chomu-lipen-chas-perevriti-vash-sklad-ch	Липень — ідеальний час для аудиту фулфілменту	Чому саме липень — найкращий момент, щоб переглянути логістичні процеси? 3 простих кроки до покращення.	157	https://www.fulfillmentmtp.com.ua/en/blog/post/why-audit-warehouse-in-summer/
UA	699f3hz0v1-yak-pratsyu-fulflment-v-ukran-2025-ekspe	Фулфілмент в Україні 2025 — Склади, логістика, автоматизація | MTP Group	Як фулфілмент змінився в Україні у 2025 році: автоматизація складу, зйомка контенту, аналітика, інтерфейси для клієнтів. Реальний досвід MTP Group.	348	https://www.fulfillmentmtp.com.ua/en/blog/post/how-fulfillment-works-ukraine-2025/
UA	8mcui07l11-yak-skorotiti-klkst-povernen-tovaru-v-nt	Як скоротити кількість повернень товару в інтернет-магазин: 8 дієвих порад	Як скоротити до мінімуму кількість повернень до інтернет-магазину? Щоб боротися з явищем, потрібно розібратися з його причинам.	1089	https://www.fulfillmentmtp.com.ua/en/blog/post/reduce-product-returns-ecommerce/
UA	bgt5cmsix1-svi-sklad-vs-fulflment-scho-obrati-vlasn	Свій склад VS фулфілмент: що обрати власникам інтернет-магазинів в Україні	З цієї статті ви дізнаєтеся про переваги та недоліки кожного шляху та зможете вибрати найкращий варіант для бізнесу.	810	https://www.fulfillmentmtp.com.ua/en/blog/post/fulfillment-vs-own-warehouse/
UA	bl9h476gp1-top-5-pomilok-u-logstits-pd-chas-sezonni	Топ-5 помилок у логістиці на сезонні розпродажі	Помилки в логістиці під час розпродажів можуть коштувати дорого. Вивчіть їх, щоб не повторити.	309	https://www.fulfillmentmtp.com.ua/en/blog/post/peak-season-logistics-mistakes/
UA	d0kknsayu1-fulfillment-chi-vlasnii-sklad-u-2025-str	Fulfillment vs власний склад 2025: вибір для e-commerce, логістика, зберігання	Порівняння фулфілмент-центрів та власного складу для онлайн-бізнесу в 2025 році. Дізнайтеся, що вигідніше: оптимізація логістики, зберігання товарів.	692	https://www.fulfillmentmtp.com.ua/en/blog/post/fulfillment-vs-own-warehouse-2025/
UA	edt36a00r1-yakii-bznes-vdkriti-v-ukran-mozhlivost-d	Який бізнес відкрити в Україні: можливості для підприємця-початківця	Відкриття власної справи – захоплюючий крок, який може принести не тільки фінансову незалежність, але і задоволення від втілення власних ідей. Якщо ви задумалися про те, який бізнес відкрити в Україні, то варто звернути увагу на товарний бізнес. 	411	https://www.fulfillmentmtp.com.ua/en/blog/post/best-business-ideas-ukraine/
UA	elrpmubzt1-scho-potrbno-znati-pro-povednku-pokuptsv	Що потрібно знати про поведінку покупців в інтернеті, щоб збільшити продажі у 2022 році	Ми проаналізували дослідження на ринку електронної комерції та ділимося з вами ключовою інформацією. Використовуйте її у своїх бізнес-процесах та збільшуйте прибуток у 2022 році.	911	https://www.fulfillmentmtp.com.ua/en/blog/post/online-buyer-behavior-insights/
UA	gdf6pzul31-top-5-pomilok-yak-vbivayut-logstiku-nter	ТОП-5 помилок логістики інтернет-магазину: оптимізація, склад, доставка	Виявіть та усуньте 5 ключових помилок у логістиці вашого інтернет-магазину. Поради щодо оптимізації складу, ефективної доставки та управління запасами для зростання онлайн-продажів.	674	https://www.fulfillmentmtp.com.ua/en/blog/post/top-5-logistics-mistakes-ecommerce/
UA	hmh91dbl11-mtp-group-fulfillment-naikrasch-fulflmen	MTP Group Fulfillment - найкращі фулфілмент-оператори	Оперативне доставлення вантажу - один з найважливіших інструментів, що динамічно розвивається у сучасному світі. Компанія «MTP Group Fulfillment» стала надійним партнером для сотень клієнтів.#nbsp;	256	https://www.fulfillmentmtp.com.ua/en/blog/post/mtp-group-best-fulfillment-operators/
UA	iyjgnyrmx1-rro-prro-dlya-bznesu-osoblivost-ta-vimog	РРО і пРРО для бізнесу: особливості та вимоги	У сучасному світі розвиток технологій і впровадження електронних систем дають можливість автоматизувати багато бізнес-процесів. Одним з таких процесів є облік розрахункових операцій, здійснюваних фізичними особами - підприємцями в Україні. 	502	https://www.fulfillmentmtp.com.ua/en/blog/post/fiscal-register-prro-business/
UA	jghdgatid1-yak-vdkriti-nternet-magazin-pd-chas-vini	Як відкрити інтернет-магазин під час війни	Робота інтернет-магазинів під час війни	1189	https://www.fulfillmentmtp.com.ua/en/blog/post/online-store-during-wartime/
UA	k6e9sg89y1-yak-vdkriti-nternet-magazin-v-ukran-osno	Як відкрити інтернет-магазин в Україні: основні нюанси і можливості для успіху	У сучасному світі онлайн-шопінг став невід&#039;ємною частиною роздрібної торгівлі. Інтернет надає великі можливості для розвитку бізнесу і залучення нових клієнтів.	387	https://www.fulfillmentmtp.com.ua/en/blog/post/how-to-start-online-store-ukraine/
UA	l69lld8l41-scho-take-fulflment-dlya-nternet-magazin	Що таке фулфілмент для інтернет-магазинів: 7 основних послуг оператора	Крім основних послуг фулфілменту клієнти MTP Group Fulfillment можуть скористатися додатковими пропозиціями. Наприклад, професійне створення фотоконтенту для інтернет-магазину. 	903	https://www.fulfillmentmtp.com.ua/en/blog/post/what-is-fulfillment-7-services/
UA	ldos1bvrh1-yak-pdgotuvati-nternet-magazin-do-novorc	Як підготувати інтернет-магазин до новорічних свят: 5 кроків для товарного бізнесу	Скільки подарунків планують придбати ваші клієнти?#nbsp;Як підготувати інтернет-магазин до цього періоду, щоб зібрати вершки з онлайн-продажів?	863	https://www.fulfillmentmtp.com.ua/en/blog/post/prepare-store-for-holidays/
UA	lgl2mu2gb1-yak-vibrati-fulflment-operatora-v-ukran	Як вибрати фулфілмент-оператора в Україні: чек-лист для перевірки сервісу	На сайті MTP Group Fulfillment ви можете скористатися калькулятором послуг і відразу зрозуміти, скільки коштуватиме фулфілмент залежно від кількості відправок, габариту товару та інших змінних.	924	https://www.fulfillmentmtp.com.ua/en/blog/post/how-to-choose-fulfillment-operator/
UA	mj3ulhpr21-yak-nternet-magazinu-pratsyuvati-v-umova	Як інтернет-магазину працювати в умовах війни: про логістику, маркетинг та податки у воєнний час	Чи етично продовжувати займатися бізнесом під час війни? Ми поділимося основними фактами, як працювати в умовах воєнного стану.	674	https://www.fulfillmentmtp.com.ua/en/blog/post/ecommerce-logistics-during-war/
UA	n2kn0z1f21-7-trendv-nternet-torgvl-u-2022-rots-scho	7 трендів інтернет-торгівлі у 2022 році: що потрібно знати, щоб вести успішний бізнес	Ми візьмемо на себе зберігання, комплектацію, упаковку ваших товарів, обробку та відправлення замовлень. А ви зможете зосередитись на розвитку бізнесу.	910	https://www.fulfillmentmtp.com.ua/en/blog/post/ecommerce-trends-2022/
UA	psumj0frr1-dohd-a-pributku-nema-de-vtracha-grosh-nt	Дохід є, а прибутку немає: де втрачає гроші інтернет-магазин	Чому ж у бізнесу начебто є дохід, але немає прибутку? А головне – що з цим робити? Розберемося із цим у нашій статті.	749	https://www.fulfillmentmtp.com.ua/en/blog/post/where-online-store-loses-money/
UA	rjmgtrmvb1-fulflment-scho-tse-sklki-koshtu-ta-nsh-v	Фулфілмент: що це, скільки коштує та інші важливі питання про сервіс для інтернет-магазинів	Сервіс фулфілменту – це насамперед можливість делегувати операційні процеси та звільнити час власника на розвиток бізнесу.	824	https://www.fulfillmentmtp.com.ua/en/blog/post/fulfillment-cost-guide/
UA	s7non1f0y1-scho-take-sla-v-logstits-chomu-tse-klyuc	SLA в логістиці — що це, приклад, як працює | 2026	SLA в логістиці — це угода про рівень сервісу з конкретними KPI: час збору, точність, % відправок same-day. Приклад реального SLA + як скласти свій.	607	https://www.fulfillmentmtp.com.ua/en/blog/post/what-is-sla-in-logistics/
UA	uec3upu741-fulflment-dlya-nternet-magazinu-odyagu-t	Фулфілмент для інтернет-магазину одягу та взуття: переваги сервісу для товарного бізнесу	У переважній більшості випадків фулфілмент – найкраще рішення для товарного бізнесу. Особливо, якщо йдеться про продаж одягу та взуття.	778	https://www.fulfillmentmtp.com.ua/en/blog/post/fulfillment-for-clothing-shoes/
UA	vzfshz9ht1-yak-ukranskim-pdprimtsyam-viiti-na-vrope	Як українським підприємцям вийти на європейські маркетплейси під час війни: інструкція для e-commerce	Завдання бізнесу в цей непростий час – продовжувати роботу. Та чи варто товарному бізнесу опановувати нові ринки та виходити на іноземні маркетплейси?	697	https://www.fulfillmentmtp.com.ua/en/blog/post/expand-to-european-marketplaces/
UA	xz8vfk1jg1-tovarnii-bznes-v-ukran-osoblivost-ta-per	Товарний бізнес в Україні 2026 — з чого почати, ідеї	Товарний бізнес в Україні 2026: як обрати нішу, знайти постачальника, організувати логістику. Переваги, труднощі та реальні поради від практиків e-commerce.	452	https://www.fulfillmentmtp.com.ua/en/blog/post/product-business-ukraine-guide/
UA	zmck0cika1-yak-nternet-magazinu-pdgotuvatisya-do-dn	Як інтернет-магазину підготуватися до Дня Святого Валентина: 10 порад для збільшення продажів	14 лютого – перший серйозний пік продажів після затяжної тиші у січні.#nbsp;Як же підготувати інтернет-магазин до Дня Святого Валентина та збільшити продажі у кілька разів?	933	https://www.fulfillmentmtp.com.ua/en/blog/post/prepare-store-valentines-day/
