query,clicks_90d,impressions_90d,ctr_pct,avg_position
мтп,0,263,0,6.9
sla,0,187,0,8.5
артикул,0,119,0,5.5
sla це,0,95,0,6.5
prom.ua,0,68,0,2.9
товарний бізнес,0,65,0,9.2
артикул це,0,61,0,2.2
mtp,0,56,0,3.8
товарный бизнес,0,52,0,8.8
фулфілмент,0,42,0,16.0
фулфилмент,0,34,0,16.6
склад фулфилмент,0,31,0,16.5
фулфилмент интернет магазина,0,30,0,15.7
товарний бізнес україна,0,27,0,5.6
фулфилмент в товарном бизнесе,0,26,0,13.3
фулфилмент для интернет магазина,0,26,0,10.3
how to calculate fulfillment cost per order,0,24,0,39.6
услуги фулфилмента,0,24,0,8.7
товарний бізнес в україні,0,22,0,6.2
фулфілмент для маркетплейсов дніпро,0,22,0,58.3
що таке артикул,1,21,4.76,2.3
товарний бізнес це,0,21,0,5.4
фулфилмент для магазинов,0,19,0,10.1
що таке sla,0,18,0,6.4
артикул товару,0,17,0,7.2
открыть интернет магазин,0,17,0,10.5
фулфилмент в товарке,0,17,0,23.8
fulfilment,0,16,0,21
fulfilment service,0,16,0,20.3
packaging fulfillment,0,16,0,5.3
фулфилмент центры,0,16,0,20.2
фулфилмента,0,16,0,23.8
как открыть интернет магазин,0,15,0,9.6
как создать интернет магазин,0,15,0,36.3
плюсы фулфилмента,0,15,0,10.6
сколько стоит открыть интернет магазин в украине,0,15,0,35.9
скільки коштує складське зберігання для e-commerce магазину,0,15,0,2.3
fulfilment services,0,14,0,13.7
склад фулфілмент дніпро,0,14,0,51.1
фулфилмент украина,1,13,7.69,4.6
открыть свой интернет магазин,0,13,0,14.1
фулфилмент цены,0,13,0,2.5
sla що це,0,12,0,8.5
склад фулфілмент,0,12,0,50.6
создание интернет магазина украина,0,12,0,41.1
фулфилмент для интернет магазинов днепр,0,12,0,50.8
фулфилмент днепр,0,12,0,42.8
фулфілмент дніпро,0,12,0,49.8
фулфілмент київ,0,12,0,25.2
"яка інформація на сайті інтернет-магазину може має бути присутньою для того, щоб користувач міг упевнитися в надійності сервісу?",0,12,0,8.4
как открыть интернет магазин в украине,0,11,0,12.1
минусы фулфилмента,0,11,0,6.3
фул филмент,0,11,0,8.7
фулфилмент заказать,0,11,0,1.7
что такое фулфилмент,0,11,0,26.7
що таке артикул товару,0,11,0,4.1
sla в логистике,0,10,0,10.6
открыть интернет магазин украина,0,10,0,13.1
складські послуги,0,10,0,40
создать интернет магазин украина,0,10,0,45
услуга фулфилмент,0,10,0,11.9
что нужно чтобы открыть интернет магазин,0,10,0,10.2
послуги складу,0,9,0,37.1
прро це,0,9,0,31.6
склад фулфилмент киев,0,9,0,52.6
фулфилмент киев,0,9,0,29.8
фулфілмент для інтернет магазинів київ,0,9,0,51.7
fiscal representation ukraine,0,8,0,73.9
fulfilment логістика дніпро,0,8,0,39.2
склад фулфілмент київ,0,8,0,47.8
фулфилмент для интернет магазинов,0,8,0,21.6
фулфилмент для интернет магазинов киев,0,8,0,39.4
фулфілмент логістика дніпро,0,8,0,46.9
що таке рро та прро,0,8,0,40.6
fulfilment логистика киев,0,7,0,48.6
fulfilment логістика київ,0,7,0,51.1
артикул товару це,0,7,0,6.7
открыть интернет магазин в украине,0,7,0,12.6
рро,0,7,0,44.1
склад фулфилмент днепр,0,7,0,36.3
управление интернет торговлей,0,7,0,15.9
фулфилмент логистика,0,7,0,32.3
фулфілмент для інтернет магазинів дніпро,0,7,0,41.3
что такое мтп,0,7,0,8.9
cosmetics fulfilment,0,6,0,83.8
sla підтримки платформ продажу надлишків,0,6,0,9
артикуль,0,6,0,6.2
интернет магазин открыть,0,6,0,9.7
как открыть свой интернет магазин,0,6,0,14.3
склад фулфилмент запорожье,0,6,0,39.5
сколько нужно денег для открытия интернет магазина,0,6,0,29.2
фулфилмент для интернет магазинов запорожье,0,6,0,53.2
фулфилмент для маркетплейсов киев,0,6,0,42.8
хмарна онлайн каса для інтернет-магазину,0,6,0,32.3
fulfillment costs,0,5,0,90.6
fulfillment of cosmetics,0,5,0,78.2
fulfillment provider cost,0,5,0,27.8
fulfilment center,0,5,0,1.8
fulfilment логистика днепр,0,5,0,41.2
fulfilment логістика,0,5,0,32.4
order fulfilment costs,0,5,0,33.2
артикул товара,0,5,0,13
артикули,0,5,0,6
как запустить интернет магазин с нуля,0,5,0,36.4
как запустить свой интернет магазин,0,5,0,15.4
как создать свой интернет магазин,0,5,0,27.4
мтп это,0,5,0,11.6
рро для фоп это,0,5,0,39.4
рро прро це,0,5,0,34.2
рро это,0,5,0,41
складские услуги киев,0,5,0,23.2
снизить возвраты товара,0,5,0,5.2
советы по открытию интернет магазина,0,5,0,33.2
фулфилмент для маркетплейсов днепр,0,5,0,28.2
фулфилмент логистика запорожье,0,5,0,36.6
фулфілмент для інтернет магазинів,0,5,0,50.8
фулфілмент логістика,0,5,0,25
фулфілмент україна,0,5,0,2
что требуется для открытия интернет магазина,0,5,0,12.2
demand ware fulfillment pricing,0,4,0,25.2
fulfillment cosmetics,0,4,0,84.2
fulfillment cost calculator,0,4,0,5.8
fulfilment solutions,0,4,0,19
fulfilment логистика запорожье,0,4,0,25.8
kasta.ua international delivery,0,4,0,10.8
запуск и продвижение интернет магазина с нуля,0,4,0,30
как запустить интернет магазин,0,4,0,25.2
как открыть прибыльный интернет магазин,0,4,0,19.2
как открыть свой интернет магазин с нуля,0,4,0,37.2
как самому открыть интернет магазин,0,4,0,73
как сделать интернет магазин,0,4,0,27.2
настройка рро для фоп,0,4,0,62
пошаговый план открытия интернет магазина,0,4,0,80.2
рро для фоп что это,0,4,0,38.5
складські послуги та обробку товарів,0,4,0,24.8
фулфилмент центр,0,4,0,72.2
фулфілмент для маркетплейсов запоріжжя,0,4,0,27.8
фулфілмент логістика київ,0,4,0,34.2
фулфілмент склад,0,4,0,1
що таке товарний бізнес,0,4,0,11.8
mtp group,1,3,33.33,1
3 pl,0,3,0,52.3
business fulfillment pricing,0,3,0,30.7
fulfilment логістика запоріжжя,0,3,0,31.3
sla - це,0,3,0,8
sla логистика,0,3,0,3.7
sla что это,0,3,0,8
аутсорсинг приема заказов,0,3,0,10.7
ведение интернет магазина,0,3,0,7
запуск интернет магазина с нуля,0,3,0,59.3
интернет магазин как открыть,0,3,0,8
как открыть интернет-магазин в украине,0,3,0,11.3
как открыть свой интернет магазин в украине,0,3,0,11
как открыть свой магазин в украине,0,3,0,51.3
открыть бизнес в украине,0,3,0,35.7
открыть интернет магазин с нуля пошаговая инструкция,0,3,0,72.3
раскрутка интернет магазина в украине,0,3,0,70.7
регистрация интернет магазина в каталогах,0,3,0,53.3
склад фулфілмент запоріжжя,0,3,0,26.3
создание интернет магазина в украине,0,3,0,20.3
создание нового интернет магазина,0,3,0,19
создание профессионального интернет магазина,0,3,0,10
товарний бізнес україни,0,3,0,5.3
фулфилмент запорожье,0,3,0,21.3
фулфилмент логистика днепр,0,3,0,26.3
фулфилмент розетка,0,3,0,13
фулфілмент для інтернет магазинів запоріжжя,0,3,0,35.7
фулфілмент центр,0,3,0,45.7
что нужно для интернет магазина,0,3,0,7.7
что нужно для открытия интернет магазина,0,3,0,6.3
что нужно для открытия интернет магазина в украине,0,3,0,10.7
як створити артикул товару,0,3,0,1.7
фулфилмент в украине,1,2,50.0,6.5
3pl fulfillment,0,2,0,4.5
3pl оператор київ,0,2,0,51.5
3pl провайдер,0,2,0,72.5
3pl услуги,0,2,0,56.5
cosmetica fulfilment,0,2,0,81
cosmetics fulfillment,0,2,0,87
cosmetics fulfillment services,0,2,0,95
fhnbrek,0,2,0,9.5
fulfillment beauty-cosmetics,0,2,0,83.5
fulfilment логистика,0,2,0,22
rozetka vs prom.ua comparison ukraine,0,2,0,8
rozetka vs prom.ua prices comparison,0,2,0,10.5
sla в логистике это,0,2,0,3.5
артикулу,0,2,0,5.5
где открыть интернет компанию,0,2,0,31.5
интернет магазин создать украина,0,2,0,63
как открыть продуктовый интернет магазин,0,2,0,12.5
как создать онлайн магазин,0,2,0,12.5
концепция интернет магазина,0,2,0,72.5
обязательное рро для фоп,0,2,0,70.5
открытие интернет магазина,0,2,0,10
открыть интернет-компанию,0,2,0,22.5
програмний рро для юридичних осіб,0,2,0,44.5
програмный рро,0,2,0,58.5
рро для интернет магазина,0,2,0,40.5
рро для інтернет магазинів,0,2,0,15
рро це,0,2,0,28
рро що це,0,2,0,21
склад для інтернет-магазину,0,2,0,27.5
складський комплекс для e-commerce,0,2,0,46
складські послуги київ,0,2,0,12
товарный бизнес украина,0,2,0,9.5
фулфилмент для маркетплейсов запорожье,0,2,0,13.5
фулфилмент отслеживание,0,2,0,8.5
фулфілмент запоріжжя,0,2,0,16
фулфілмент що це,0,2,0,30
что такое sla в логистике,0,2,0,2
що таке прро,0,2,0,43
що таке рро,0,2,0,52
що таке сла,0,2,0,3.5
"яка інформація на сайті інтернет-магазину може має бути присутньою для того, щоб користувач міг упевнитися в надійності сервісу? оберіть одну правильну відповідь",0,2,0,10
(mtp),0,1,0,1
3pl warehouse,0,1,0,10
3pl доставка,0,1,0,22
3pl доставка днепр,0,1,0,27
3pl доставка киев,0,1,0,6
3pl доставка київ,0,1,0,8
3pl логистика,0,1,0,34
3pl логистика киев,0,1,0,26
3pl логістика,0,1,0,32
3pl логістика дніпро,0,1,0,25
3pl логістика київ,0,1,0,21
3pl оператор киев,0,1,0,16
3pl операторы украины,0,1,0,42
cosmetics and beauty fulfillment,0,1,0,100
crm в фулфилменте,0,1,0,10
e fulfillment,0,1,0,10
fulfillment,0,1,0,10
fulfillment beauty products,0,1,0,97
fulfillment companies,0,1,0,7
fulfillment companies pricing,0,1,0,41
fulfillment cosmetics products,0,1,0,94
fulfillment service prices,0,1,0,24
fulfilment costs,0,1,0,94
fullfillment,0,1,0,12
logistics and fulfillment company,0,1,0,5
mtp global відгуки,0,1,0,9
mtp grupa,0,1,0,3
order fulfillment companies pricing,0,1,0,24
prom.ua api,0,1,0,5
rro,0,1,0,41
sla shipping,0,1,0,3
sla.,0,1,0,11
sla/slo,0,1,0,2
top fulfillment solutions pricing,0,1,0,9
ups 3pl services,0,1,0,10
warehouse and fulfillment services,0,1,0,2
арикул,0,1,0,9
артикул товару приклад,0,1,0,4
артикула,0,1,0,10
артикулом,0,1,0,1
артікул,0,1,0,9
аутсорсинг 3pl,0,1,0,17
аутсорсинг 3pl днепр,0,1,0,20
аутсорсинг 3pl дніпро,0,1,0,27
аутсорсинг доставки товаров,0,1,0,5
бизнес интернет магазин,0,1,0,9
відгриміти,0,1,0,30
відкрити інтернет магазин,0,1,0,63
европейские маркетплейсы,0,1,0,1
заказать интернет магазин,0,1,0,66
заказать интернет магазин цена,0,1,0,90
интернет магазин как открыть пошагово с нуля,0,1,0,73
как заполнять интернет магазин,0,1,0,15
как открыть интернет магазин пошаговая инструкция,0,1,0,17
как открыть интернет магазин продуктов,0,1,0,12
как открыть онлайн магазин,0,1,0,1
как открыть свой бизнес в украине,0,1,0,24
как открыть свой онлайн магазин,0,1,0,16
как открыть ювелирный интернет-магазин,0,1,0,31
каким бизнесом заняться в украине,0,1,0,46
какой бизнес можно открыть,0,1,0,50
какой бизнес открыть,0,1,0,50
какой бизнес открыть с нуля,0,1,0,71
какой открыть бизнес,0,1,0,50
купить,0,1,0,17
логистика b2b,0,1,0,15
логистика складские услуги,0,1,0,65
мтп вход,0,1,0,10
мтр,0,1,0,11
невыкуп товара,0,1,0,1
онлайн магазин открыть,0,1,0,11
открыть e-commerce компанию,0,1,0,83
палето место,0,1,0,6
покупателей,0,1,0,6
программное обеспечение рро,0,1,0,60
программное рро,0,1,0,58
програмний реєстратор розрахункових операцій,0,1,0,23
програмний рро це,0,1,0,46
прро для фоп,0,1,0,100
размещение положительных отзывов в интернете,0,1,0,12
разработать интернет магазин киев,0,1,0,8
разработка интернет магазина,0,1,0,46
разработка интернет магазина в киеве,0,1,0,88
разработка интернет магазина киев,0,1,0,97
разработка интернет магазина с нуля,0,1,0,72
раскрутка интернет магазина с нуля,0,1,0,95
регистратор расчетных операций,0,1,0,70
рро для салонів краси,0,1,0,16
рро касовий апарат,0,1,0,47
рро прро,0,1,0,44
рро расшифровка,0,1,0,86
рро інтернет магазин,0,1,0,24
рро/прро це,0,1,0,24
сервисы товарного бизнеса,0,1,0,47
складские услуги украина,0,1,0,23
складський комплекс для інтернет-магазинів,0,1,0,21
сла это,0,1,0,11
создание и ведение интернет магазина,0,1,0,14
создание интернет магазин цены,0,1,0,83
создать интернет магазин в украине,0,1,0,29
создать интернет магазин киев,0,1,0,5
стоимость услуг фулфилмента,0,1,0,3
так,0,1,0,4
товарний,0,1,0,1
товарний бізнес відгуки,0,1,0,15
фулфилмент отзывы,0,1,0,2
фулфилмент склад,0,1,0,1
фулфилмент склад это,0,1,0,5
фулфілмент для товарного бізнесу,0,1,0,2
фулфілмент львів,0,1,0,23
фулфілмент сервіс,0,1,0,5
фулфілмент це,0,1,0,50
фулфілменту,0,1,0,8
фуфилмент,0,1,0,8
что такое артикул,0,1,0,37
что такое товарный бизнес,0,1,0,6
що потрібно щоб відкрити інтернет магазин,0,1,0,37
що таке програмне рро,0,1,0,48
яка вартість?,0,1,0,2
які 3pl-провайдери для інтернет-магазину?,0,1,0,1
